{
  "__type__": "cc.Skeleton",
  "_name": "Skin-2",
  "_objFlags": 0,
  "_native": "",
  "_joints": [
    "mixamorig_Hips/mixamorig_Spine/mixamorig_Spine1/mixamorig_Spine2/mixamorig_Neck/mixamorig_Head"
  ],
  "_bindposes": [
    {
      "__type__": "cc.Mat4",
      "m00": 0.8383988738059998,
      "m01": -1.8022375605266912e-16,
      "m02": -0.5450571775436401,
      "m03": 0,
      "m04": 2.916503843986007e-16,
      "m05": 1,
      "m06": 1.1796119636642288e-16,
      "m07": 0,
      "m08": 0.5450571775436401,
      "m09": -2.5786467535235e-16,
      "m10": 0.8383988738059998,
      "m11": 0,
      "m12": 2.3892357869573352e-15,
      "m13": 0.6156260371208191,
      "m14": 0.0691014975309372,
      "m15": 1
    }
  ],
  "_hash": 2001175848
}