{
  "__type__": "cc.Skeleton",
  "_name": "Skin-7",
  "_objFlags": 0,
  "_native": "",
  "_joints": [
    "mixamorig_Hips",
    "mixamorig_Hips/mixamorig_LeftUpLeg",
    "mixamorig_Hips/mixamorig_LeftUpLeg/mixamorig_LeftLeg",
    "mixamorig_Hips/mixamorig_RightUpLeg",
    "mixamorig_Hips/mixamorig_LeftUpLeg/mixamorig_LeftLeg/mixamorig_LeftFoot/mixamorig_LeftToeBase",
    "mixamorig_Hips/mixamorig_LeftUpLeg/mixamorig_LeftLeg/mixamorig_LeftFoot",
    "mixamorig_Hips/mixamorig_RightUpLeg/mixamorig_RightLeg",
    "mixamorig_Hips/mixamorig_RightUpLeg/mixamorig_RightLeg/mixamorig_RightFoot/mixamorig_RightToeBase",
    "mixamorig_Hips/mixamorig_RightUpLeg/mixamorig_RightLeg/mixamorig_RightFoot"
  ],
  "_bindposes": [
    {
      "__type__": "cc.Mat4",
      "m00": 0.8383988738059998,
      "m01": 2.6461677202160806e-16,
      "m02": -0.5450571775436401,
      "m03": 0,
      "m04": -2.795328634040787e-16,
      "m05": 1,
      "m06": 5.551115123125783e-17,
      "m07": 0,
      "m08": 0.5450571775436401,
      "m09": 1.0582090474399851e-16,
      "m10": 0.8383988738059998,
      "m11": 0,
      "m12": 0.021825863048434258,
      "m13": -0.721814751625061,
      "m14": 0.03721068799495697,
      "m15": 1
    },
    {
      "__type__": "cc.Mat4",
      "m00": -0.8383988738059998,
      "m01": 0.0010980633087456226,
      "m02": -0.5450561046600342,
      "m03": 0,
      "m04": 2.9069329010776254e-16,
      "m05": -0.9999979734420776,
      "m06": -0.0020145836751908064,
      "m07": 0,
      "m08": -0.5450571775436401,
      "m09": -0.0016890247352421284,
      "m10": 0.8383971452713013,
      "m11": 0,
      "m12": 0.2331426590681076,
      "m13": 0.6169554591178894,
      "m14": 0.039832912385463715,
      "m15": 1
    },
    {
      "__type__": "cc.Mat4",
      "m00": -0.8357613682746887,
      "m01": -0.08412492275238037,
      "m02": -0.5426102876663208,
      "m03": 0,
      "m04": 0.0805743858218193,
      "m05": -0.9962862133979797,
      "m06": 0.030356120318174362,
      "m07": 0,
      "m08": -0.5431488752365112,
      "m09": -0.018350018188357353,
      "m10": 0.839435875415802,
      "m11": 0,
      "m12": 0.2202020287513733,
      "m13": 0.17069441080093384,
      "m14": 0.034307654947042465,
      "m15": 1
    },
    {
      "__type__": "cc.Mat4",
      "m00": -0.8383988738059998,
      "m01": 0.0011421134695410728,
      "m02": -0.5450559854507446,
      "m03": 0,
      "m04": 2.909752197303002e-16,
      "m05": -0.9999977946281433,
      "m06": -0.0020954012870788574,
      "m07": 0,
      "m08": -0.5450571775436401,
      "m09": -0.0017567819450050592,
      "m10": 0.8383970260620117,
      "m11": 0,
      "m12": -0.2767944037914276,
      "m13": 0.6169520020484924,
      "m14": 0.039995696395635605,
      "m15": 1
    },
    {
      "__type__": "cc.Mat4",
      "m00": -0.8669573664665222,
      "m01": -0.4892239272594452,
      "m02": 0.09510447829961777,
      "m03": 0,
      "m04": 0.10904122143983841,
      "m05": 0.000006750336524419254,
      "m06": 0.9940372109413147,
      "m07": 0,
      "m08": -0.48630744218826294,
      "m09": 0.8721582293510437,
      "m10": 0.053339723497629166,
      "m11": 0,
      "m12": 0.22266601026058197,
      "m13": -0.10998763889074326,
      "m14": 0.12933526933193207,
      "m15": 1
    },
    {
      "__type__": "cc.Mat4",
      "m00": -0.8580305576324463,
      "m01": -0.43845248222351074,
      "m02": -0.2674751579761505,
      "m03": 0,
      "m04": 0.0817897692322731,
      "m05": -0.6307882070541382,
      "m06": 0.7716324925422668,
      "m07": 0,
      "m08": -0.5070443749427795,
      "m09": 0.6402075290679932,
      "m10": 0.5770964622497559,
      "m11": 0,
      "m12": 0.22145934402942657,
      "m13": 0.00011036175419576466,
      "m14": 0.038022033870220184,
      "m15": 1
    },
    {
      "__type__": "cc.Mat4",
      "m00": -0.8355806469917297,
      "m01": 0.04125251993536949,
      "m02": -0.5478167533874512,
      "m03": 0,
      "m04": -0.0805775597691536,
      "m05": -0.9955951571464539,
      "m06": 0.047932520508766174,
      "m07": 0,
      "m08": -0.5434263944625854,
      "m09": 0.08419322222471237,
      "m10": 0.8352240920066833,
      "m11": 0,
      "m12": -0.2637115716934204,
      "m13": 0.1747940480709076,
      "m14": 0.03126242756843567,
      "m15": 1
    },
    {
      "__type__": "cc.Mat4",
      "m00": -0.795543909072876,
      "m01": -0.5998499989509583,
      "m02": -0.08538048714399338,
      "m03": 0,
      "m04": -0.10671576857566833,
      "m05": 0.000006922104603290791,
      "m06": 0.9942895770072937,
      "m07": 0,
      "m08": -0.5964240431785583,
      "m09": 0.8001124858856201,
      "m10": -0.06401895731687546,
      "m11": 0,
      "m12": -0.2657228112220764,
      "m13": -0.10978706181049347,
      "m14": 0.1252020001411438,
      "m15": 1
    },
    {
      "__type__": "cc.Mat4",
      "m00": -0.8097375631332397,
      "m01": -0.3973757326602936,
      "m02": -0.4317610561847687,
      "m03": 0,
      "m04": -0.08267895132303238,
      "m05": -0.6511954069137573,
      "m06": 0.7543929815292358,
      "m07": 0,
      "m08": -0.5809382796287537,
      "m09": 0.6465578675270081,
      "m10": 0.49444276094436646,
      "m11": 0,
      "m12": -0.264862596988678,
      "m13": -0.0030146059580147266,
      "m14": 0.03117852844297886,
      "m15": 1
    }
  ],
  "_hash": 3075882987
}