{
  "__type__": "cc.Skeleton",
  "_name": "Skin-0",
  "_objFlags": 0,
  "_native": "",
  "_joints": [
    "mixamorig:Hips/mixamorig:Spine/mixamorig:Spine1/mixamorig:Spine2/mixamorig:Neck/mixamorig:Head",
    "mixamorig:Hips/mixamorig:Spine/mixamorig:Spine1/mixamorig:Spine2/mixamorig:Neck",
    "mixamorig:Hips/mixamorig:Spine/mixamorig:Spine1/mixamorig:Spine2"
  ],
  "_bindposes": [
    {
      "__type__": "cc.Mat4",
      "m00": 0.8383988738059998,
      "m01": -1.4182852224519167e-18,
      "m02": -0.5450571775436401,
      "m03": 0,
      "m04": 0,
      "m05": 1,
      "m06": -2.6020852139652106e-18,
      "m07": 0,
      "m08": 0.5450571775436401,
      "m09": 2.1815852612368882e-18,
      "m10": 0.8383988738059998,
      "m11": 0,
      "m12": 2.230328594404166e-15,
      "m13": 0.9353735446929932,
      "m14": -0.1391429603099823,
      "m15": 1
    },
    {
      "__type__": "cc.Mat4",
      "m00": 0.8383988738059998,
      "m01": -1.4182852224519167e-18,
      "m02": -0.5450571775436401,
      "m03": 0,
      "m04": 0,
      "m05": 1,
      "m06": -2.6020852139652106e-18,
      "m07": 0,
      "m08": 0.5450571775436401,
      "m09": 2.1815852612368882e-18,
      "m10": 0.8383988738059998,
      "m11": 0,
      "m12": 2.230328594404166e-15,
      "m13": 1.2065929174423218,
      "m14": -0.1466873735189438,
      "m15": 1
    },
    {
      "__type__": "cc.Mat4",
      "m00": 0.8383988738059998,
      "m01": -0.0031538293696939945,
      "m02": -0.5450480580329895,
      "m03": 0,
      "m04": 0,
      "m05": 0.9999832510948181,
      "m06": -0.00578623590990901,
      "m07": 0,
      "m08": 0.5450571775436401,
      "m09": 0.004851173609495163,
      "m10": 0.8383848071098328,
      "m11": 0,
      "m12": 2.230328594404166e-15,
      "m13": 1.4886353015899658,
      "m14": -0.15366655588150024,
      "m15": 1
    }
  ],
  "_hash": 3872589729
}