{
  "__type__": "cc.Skeleton",
  "_name": "Skin-2",
  "_objFlags": 0,
  "_native": "",
  "_joints": [
    "mixamorig:Hips/mixamorig:Spine/mixamorig:Spine1/mixamorig:Spine2/mixamorig:Neck/mixamorig:Head"
  ],
  "_bindposes": [
    {
      "__type__": "cc.Mat4",
      "m00": 0.8383988738059998,
      "m01": -1.4182852224519167e-18,
      "m02": -0.5450571775436401,
      "m03": 0,
      "m04": 0,
      "m05": 1,
      "m06": -2.6020852139652106e-18,
      "m07": 0,
      "m08": 0.5450571775436401,
      "m09": 2.1815852612368882e-18,
      "m10": 0.8383988738059998,
      "m11": 0,
      "m12": 2.232549091275393e-15,
      "m13": 0.6156260371208191,
      "m14": 0.0691014975309372,
      "m15": 1
    }
  ],
  "_hash": 762623170
}