{
  "__type__": "cc.Skeleton",
  "_name": "Skin-0",
  "_objFlags": 0,
  "_native": "",
  "_joints": [
    "mixamorig_Hips/mixamorig_Spine/mixamorig_Spine1/mixamorig_Spine2/mixamorig_Neck/mixamorig_Head",
    "mixamorig_Hips/mixamorig_Spine/mixamorig_Spine1/mixamorig_Spine2/mixamorig_Neck",
    "mixamorig_Hips/mixamorig_Spine/mixamorig_Spine1/mixamorig_Spine2"
  ],
  "_bindposes": [
    {
      "__type__": "cc.Mat4",
      "m00": 0.8383988738059998,
      "m01": 1.5737317618102245e-16,
      "m02": -0.5450571775436401,
      "m03": 0,
      "m04": -1.3357370765021415e-16,
      "m05": 1,
      "m06": 8.326672684688674e-17,
      "m07": 0,
      "m08": 0.5450571775436401,
      "m09": 2.994579105899172e-18,
      "m10": 0.8383988738059998,
      "m11": 0,
      "m12": 2.0311401147696077e-15,
      "m13": 0.9353735446929932,
      "m14": -0.1391429603099823,
      "m15": 1
    },
    {
      "__type__": "cc.Mat4",
      "m00": 0.8383988738059998,
      "m01": 3.514459076864096e-16,
      "m02": -0.5450571775436401,
      "m03": 0,
      "m04": 1.3877787807814457e-17,
      "m05": 1,
      "m06": 6.661338147750939e-16,
      "m07": 0,
      "m08": 0.5450571775436401,
      "m09": -5.660500428538611e-16,
      "m10": 0.8383988738059998,
      "m11": 0,
      "m12": 1.6991016112591459e-15,
      "m13": 1.2065929174423218,
      "m14": -0.1466873735189438,
      "m15": 1
    },
    {
      "__type__": "cc.Mat4",
      "m00": 0.8383988738059998,
      "m01": -0.0031538293696939945,
      "m02": -0.5450480580329895,
      "m03": 0,
      "m04": 6.995282475392723e-17,
      "m05": 0.9999832510948181,
      "m06": -0.00578623590990901,
      "m07": 0,
      "m08": 0.5450571775436401,
      "m09": 0.004851173609495163,
      "m10": 0.8383848071098328,
      "m11": 0,
      "m12": 2.3980762698278283e-15,
      "m13": 1.4886353015899658,
      "m14": -0.15366655588150024,
      "m15": 1
    }
  ],
  "_hash": 486927678
}