{
  "__type__": "cc.Skeleton",
  "_name": "Skin-8",
  "_objFlags": 0,
  "_native": "",
  "_joints": [
    "mixamorig_Hips",
    "mixamorig_Hips/mixamorig_LeftUpLeg",
    "mixamorig_Hips/mixamorig_RightUpLeg",
    "mixamorig_Hips/mixamorig_Spine",
    "mixamorig_Hips/mixamorig_LeftUpLeg/mixamorig_LeftLeg",
    "mixamorig_Hips/mixamorig_LeftUpLeg/mixamorig_LeftLeg/mixamorig_LeftFoot/mixamorig_LeftToeBase",
    "mixamorig_Hips/mixamorig_Spine/mixamorig_Spine1/mixamorig_Spine2",
    "mixamorig_Hips/mixamorig_LeftUpLeg/mixamorig_LeftLeg/mixamorig_LeftFoot",
    "mixamorig_Hips/mixamorig_RightUpLeg/mixamorig_RightLeg",
    "mixamorig_Hips/mixamorig_RightUpLeg/mixamorig_RightLeg/mixamorig_RightFoot/mixamorig_RightToeBase",
    "mixamorig_Hips/mixamorig_RightUpLeg/mixamorig_RightLeg/mixamorig_RightFoot"
  ],
  "_bindposes": [
    {
      "__type__": "cc.Mat4",
      "m00": 0.8383988738059998,
      "m01": 6.389733989189194e-17,
      "m02": -0.5450571775436401,
      "m03": 0,
      "m04": -1.3034663123518347e-16,
      "m05": 1,
      "m06": -8.326672684688674e-17,
      "m07": 0,
      "m08": 0.5450571775436401,
      "m09": 1.4085709250074766e-16,
      "m10": 0.8383988738059998,
      "m11": 0,
      "m12": -4.952308489786805e-17,
      "m13": -0.27945980429649353,
      "m14": -0.0142136849462986,
      "m15": 1
    },
    {
      "__type__": "cc.Mat4",
      "m00": -0.8383988738059998,
      "m01": 0.0010980633087456226,
      "m02": -0.5450561046600342,
      "m03": 0,
      "m04": 2.9069329010776254e-16,
      "m05": -0.9999979734420776,
      "m06": -0.0020145836751908064,
      "m07": 0,
      "m08": -0.5450571775436401,
      "m09": -0.0016890247352421284,
      "m10": 0.8383971452713013,
      "m11": 0,
      "m12": 0.254968523979187,
      "m13": 0.17470502853393555,
      "m14": -0.012482517398893833,
      "m15": 1
    },
    {
      "__type__": "cc.Mat4",
      "m00": -0.8383988738059998,
      "m01": 0.0011421134695410728,
      "m02": -0.5450559854507446,
      "m03": 0,
      "m04": 7.348057933638746e-16,
      "m05": -0.9999977946281433,
      "m06": -0.0020954012870788574,
      "m07": 0,
      "m08": -0.5450571775436401,
      "m09": -0.0017567819450050592,
      "m10": 0.8383970260620117,
      "m11": 0,
      "m12": -0.254968523979187,
      "m13": 0.17470578849315643,
      "m14": -0.012355473823845387,
      "m15": 1
    },
    {
      "__type__": "cc.Mat4",
      "m00": 0.8383988738059998,
      "m01": -0.003153820289298892,
      "m02": -0.5450480580329895,
      "m03": 0,
      "m04": -1.5289803642288196e-16,
      "m05": 0.9999832510948181,
      "m06": -0.005786219146102667,
      "m07": 0,
      "m08": 0.5450571775436401,
      "m09": 0.004851159639656544,
      "m10": 0.8383848071098328,
      "m11": 0,
      "m12": -4.3879863544406736e-17,
      "m13": -0.4681450128555298,
      "m14": -0.01259643118828535,
      "m15": 1
    },
    {
      "__type__": "cc.Mat4",
      "m00": -0.8357613682746887,
      "m01": -0.08412492275238037,
      "m02": -0.5426102876663208,
      "m03": 0,
      "m04": 0.0805743858218193,
      "m05": -0.9962862133979797,
      "m06": 0.030356120318174362,
      "m07": 0,
      "m08": -0.5431488752365112,
      "m09": -0.018350018188357353,
      "m10": 0.839435875415802,
      "m11": 0,
      "m12": 0.2775910496711731,
      "m13": -0.26982685923576355,
      "m14": -0.0037217726930975914,
      "m15": 1
    },
    {
      "__type__": "cc.Mat4",
      "m00": -0.8669573664665222,
      "m01": -0.4892239272594452,
      "m02": 0.09510447829961777,
      "m03": 0,
      "m04": 0.10904122143983841,
      "m05": 0.000006750336524419254,
      "m06": 0.9940372109413147,
      "m07": 0,
      "m08": -0.48630744218826294,
      "m09": 0.8721582293510437,
      "m10": 0.053339723497629166,
      "m11": 0,
      "m12": 0.2892170548439026,
      "m13": -0.1627228558063507,
      "m14": 0.5670437216758728,
      "m15": 1
    },
    {
      "__type__": "cc.Mat4",
      "m00": 0.8383988738059998,
      "m01": -0.0031538293696939945,
      "m02": -0.5450480580329895,
      "m03": 0,
      "m04": -2.939279236448695e-16,
      "m05": 0.9999832510948181,
      "m06": -0.00578623590990901,
      "m07": 0,
      "m08": 0.5450571775436401,
      "m09": 0.004851173609495163,
      "m10": 0.8383848071098328,
      "m11": 0,
      "m12": 6.08408545889493e-17,
      "m13": -0.9396640658378601,
      "m14": -0.012596420012414455,
      "m15": 1
    },
    {
      "__type__": "cc.Mat4",
      "m00": -0.8580305576324463,
      "m01": -0.43845248222351074,
      "m02": -0.2674751579761505,
      "m03": 0,
      "m04": 0.0817897692322731,
      "m05": -0.6307882070541382,
      "m06": 0.7716324925422668,
      "m07": 0,
      "m08": -0.5070443749427795,
      "m09": 0.6402075290679932,
      "m10": 0.5770964622497559,
      "m11": 0,
      "m12": 0.2771832048892975,
      "m13": -0.3184063732624054,
      "m14": 0.3450084924697876,
      "m15": 1
    },
    {
      "__type__": "cc.Mat4",
      "m00": -0.8355806469917297,
      "m01": 0.04125251993536949,
      "m02": -0.5478167533874512,
      "m03": 0,
      "m04": -0.0805775597691536,
      "m05": -0.9955951571464539,
      "m06": 0.047932520508766174,
      "m07": 0,
      "m08": -0.5434263944625854,
      "m09": 0.08419322222471237,
      "m10": 0.8352240920066833,
      "m11": 0,
      "m12": -0.27759188413619995,
      "m13": -0.2698425054550171,
      "m14": 0.001189038041047752,
      "m15": 1
    },
    {
      "__type__": "cc.Mat4",
      "m00": -0.795543909072876,
      "m01": -0.5998499989509583,
      "m02": -0.08538048714399338,
      "m03": 0,
      "m04": -0.10671576857566833,
      "m05": 0.000006922104603290791,
      "m06": 0.9942895770072937,
      "m07": 0,
      "m08": -0.5964240431785583,
      "m09": 0.8001124858856201,
      "m10": -0.06401895731687546,
      "m11": 0,
      "m12": -0.2878604829311371,
      "m13": -0.15963537991046906,
      "m14": 0.5677218437194824,
      "m15": 1
    },
    {
      "__type__": "cc.Mat4",
      "m00": -0.8097375631332397,
      "m01": -0.3973757326602936,
      "m02": -0.4317610561847687,
      "m03": 0,
      "m04": -0.08267895132303238,
      "m05": -0.6511954069137573,
      "m06": 0.7543929815292358,
      "m07": 0,
      "m08": -0.5809382796287537,
      "m09": 0.6465578675270081,
      "m10": 0.49444276094436646,
      "m11": 0,
      "m12": -0.27735745906829834,
      "m13": -0.33050820231437683,
      "m14": 0.33348721265792847,
      "m15": 1
    }
  ],
  "_hash": 74856255
}