{
  "__type__": "cc.Skeleton",
  "_name": "Skin-4",
  "_objFlags": 0,
  "_native": "",
  "_joints": [
    "mixamorig:Hips/mixamorig:Spine/mixamorig:Spine1/mixamorig:Spine2",
    "mixamorig:Hips/mixamorig:Spine/mixamorig:Spine1/mixamorig:Spine2/mixamorig:Neck",
    "mixamorig:Hips/mixamorig:Spine/mixamorig:Spine1/mixamorig:Spine2/mixamorig:Neck/mixamorig:Head",
    "mixamorig:Hips/mixamorig:Spine/mixamorig:Spine1",
    "mixamorig:Hips/mixamorig:Spine/mixamorig:Spine1/mixamorig:Spine2/mixamorig:LeftShoulder",
    "mixamorig:Hips/mixamorig:Spine/mixamorig:Spine1/mixamorig:Spine2/mixamorig:RightShoulder",
    "mixamorig:Hips/mixamorig:Spine/mixamorig:Spine1/mixamorig:Spine2/mixamorig:RightShoulder/mixamorig:RightArm"
  ],
  "_bindposes": [
    {
      "__type__": "cc.Mat4",
      "m00": 0.8383988738059998,
      "m01": -0.0031538293696939945,
      "m02": -0.5450480580329895,
      "m03": 0,
      "m04": 0,
      "m05": 0.9999832510948181,
      "m06": -0.00578623590990901,
      "m07": 0,
      "m08": 0.5450571775436401,
      "m09": 0.004851173609495163,
      "m10": 0.8383848071098328,
      "m11": 0,
      "m12": -4.562858291634794e-17,
      "m13": 0.24618686735630035,
      "m14": 0.00836842879652977,
      "m15": 1
    },
    {
      "__type__": "cc.Mat4",
      "m00": 0.8383988738059998,
      "m01": -1.4182852224519167e-18,
      "m02": -0.5450571775436401,
      "m03": 0,
      "m04": 0,
      "m05": 1,
      "m06": -2.6020852139652106e-18,
      "m07": 0,
      "m08": 0.5450571775436401,
      "m09": 2.1815852612368882e-18,
      "m10": 0.8383988738059998,
      "m11": 0,
      "m12": -4.562858291634794e-17,
      "m13": -0.03677232936024666,
      "m14": 0.008155794814229012,
      "m15": 1
    },
    {
      "__type__": "cc.Mat4",
      "m00": 0.8383988738059998,
      "m01": -1.4182852224519167e-18,
      "m02": -0.5450571775436401,
      "m03": 0,
      "m04": 0,
      "m05": 1,
      "m06": -2.6020852139652106e-18,
      "m07": 0,
      "m08": 0.5450571775436401,
      "m09": 2.1815852612368882e-18,
      "m10": 0.8383988738059998,
      "m11": 0,
      "m12": -4.562858291634794e-17,
      "m13": -0.3079916536808014,
      "m14": 0.015700217336416245,
      "m15": 1
    },
    {
      "__type__": "cc.Mat4",
      "m00": 0.8383988738059998,
      "m01": -0.0031538293696939945,
      "m02": -0.5450480580329895,
      "m03": 0,
      "m04": 5.172727431690902e-19,
      "m05": 0.9999832510948181,
      "m06": -0.00578623590990901,
      "m07": 0,
      "m08": 0.5450571775436401,
      "m09": 0.004851173609495163,
      "m10": 0.8383848071098328,
      "m11": 0,
      "m12": -4.562858291634794e-17,
      "m13": 0.4976637065410614,
      "m14": 0.00836842879652977,
      "m15": 1
    },
    {
      "__type__": "cc.Mat4",
      "m00": 0.543130099773407,
      "m01": 0.7054815292358398,
      "m02": -0.45530813932418823,
      "m03": 0,
      "m04": 0.005811529699712992,
      "m05": -0.545405924320221,
      "m06": -0.8381518721580505,
      "m07": 0,
      "m08": -0.8396284580230713,
      "m09": 0.4525794982910156,
      "m10": -0.30032631754875183,
      "m11": 0,
      "m12": -0.008362176828086376,
      "m13": -0.14285984635353088,
      "m14": 0.030834270641207695,
      "m15": 1
    },
    {
      "__type__": "cc.Mat4",
      "m00": -0.5367934703826904,
      "m01": -0.7054815292358398,
      "m02": 0.46276190876960754,
      "m03": 0,
      "m04": -0.005758510436862707,
      "m05": -0.545405924320221,
      "m06": -0.8381522297859192,
      "m07": 0,
      "m08": 0.8436940312385559,
      "m09": -0.4525794982910156,
      "m10": 0.28870782256126404,
      "m11": 0,
      "m12": 0.008374783210456371,
      "m13": -0.14277689158916473,
      "m14": 0.030780719593167305,
      "m15": 1
    },
    {
      "__type__": "cc.Mat4",
      "m00": -0.5545544028282166,
      "m01": -0.830503523349762,
      "m02": 0.05228063836693764,
      "m03": 0,
      "m04": 0.02716463804244995,
      "m05": -0.08085981011390686,
      "m06": -0.9963552355766296,
      "m07": 0,
      "m08": 0.8317039608955383,
      "m09": -0.5511130094528198,
      "m10": 0.06740149110555649,
      "m11": 0,
      "m12": 0.007159399334341288,
      "m13": -0.424299955368042,
      "m14": -0.19432367384433746,
      "m15": 1
    }
  ],
  "_hash": 3284194981
}