{
  "__type__": "cc.Skeleton",
  "_name": "Skin-0",
  "_objFlags": 0,
  "_native": "",
  "_joints": [
    "mixamorig_Hips/mixamorig_Spine/mixamorig_Spine1/mixamorig_Spine2/mixamorig_Neck/mixamorig_Head",
    "mixamorig_Hips/mixamorig_Spine/mixamorig_Spine1/mixamorig_Spine2/mixamorig_Neck",
    "mixamorig_Hips/mixamorig_Spine/mixamorig_Spine1/mixamorig_Spine2"
  ],
  "_bindposes": [
    {
      "__type__": "cc.Mat4",
      "m00": 0.8383988738059998,
      "m01": -1.3324660734878618e-16,
      "m02": -0.5450571775436401,
      "m03": 0,
      "m04": -3.469446951953614e-18,
      "m05": 1,
      "m06": -2.498001805406602e-16,
      "m07": 0,
      "m08": 0.5450571775436401,
      "m09": 2.113232324556008e-16,
      "m10": 0.8383988738059998,
      "m11": 0,
      "m12": 1.6482602585452194e-15,
      "m13": 0.9353735446929932,
      "m14": -0.1391429603099823,
      "m15": 1
    },
    {
      "__type__": "cc.Mat4",
      "m00": 0.8383988738059998,
      "m01": 5.306077491210178e-16,
      "m02": -0.5450571775436401,
      "m03": 0,
      "m04": -3.2612801348363973e-16,
      "m05": 1,
      "m06": 4.718447854656915e-16,
      "m07": 0,
      "m08": 0.5450571775436401,
      "m09": -2.178357246799043e-16,
      "m10": 0.8383988738059998,
      "m11": 0,
      "m12": 2.5296971430181477e-15,
      "m13": 1.2065929174423218,
      "m14": -0.1466873735189438,
      "m15": 1
    },
    {
      "__type__": "cc.Mat4",
      "m00": 0.8383988738059998,
      "m01": -0.0031538293696939945,
      "m02": -0.5450480580329895,
      "m03": 0,
      "m04": -2.4928290810768386e-16,
      "m05": 0.9999832510948181,
      "m06": -0.00578623590990901,
      "m07": 0,
      "m08": 0.5450571775436401,
      "m09": 0.004851173609495163,
      "m10": 0.8383848071098328,
      "m11": 0,
      "m12": 1.873654243501931e-15,
      "m13": 1.4886353015899658,
      "m14": -0.15366655588150024,
      "m15": 1
    }
  ],
  "_hash": 750315527
}