{
  "__type__": "cc.Skeleton",
  "_name": "Skin-1",
  "_objFlags": 0,
  "_native": "",
  "_joints": [
    "mixamorig:Hips/mixamorig:Spine/mixamorig:Spine1/mixamorig:Spine2/mixamorig:Neck/mixamorig:Head",
    "mixamorig:Hips/mixamorig:Spine/mixamorig:Spine1/mixamorig:Spine2/mixamorig:Neck",
    "mixamorig:Hips/mixamorig:Spine/mixamorig:Spine1/mixamorig:Spine2",
    "mixamorig:Hips/mixamorig:Spine/mixamorig:Spine1/mixamorig:Spine2/mixamorig:LeftShoulder",
    "mixamorig:Hips/mixamorig:Spine/mixamorig:Spine1/mixamorig:Spine2/mixamorig:LeftShoulder/mixamorig:LeftArm",
    "mixamorig:Hips/mixamorig:Spine/mixamorig:Spine1/mixamorig:Spine2/mixamorig:RightShoulder",
    "mixamorig:Hips/mixamorig:Spine/mixamorig:Spine1/mixamorig:Spine2/mixamorig:RightShoulder/mixamorig:RightArm"
  ],
  "_bindposes": [
    {
      "__type__": "cc.Mat4",
      "m00": 0.8383988738059998,
      "m01": -1.4182852224519167e-18,
      "m02": -0.5450571775436401,
      "m03": 0,
      "m04": 0,
      "m05": 1,
      "m06": -2.6020852139652106e-18,
      "m07": 0,
      "m08": 0.5450571775436401,
      "m09": 2.1815852612368882e-18,
      "m10": 0.8383988738059998,
      "m11": 0,
      "m12": 2.232549091275393e-15,
      "m13": 0.6156260371208191,
      "m14": 0.0691014975309372,
      "m15": 1
    },
    {
      "__type__": "cc.Mat4",
      "m00": 0.8383988738059998,
      "m01": -1.4182852224519167e-18,
      "m02": -0.5450571775436401,
      "m03": 0,
      "m04": 0,
      "m05": 1,
      "m06": -2.6020852139652106e-18,
      "m07": 0,
      "m08": 0.5450571775436401,
      "m09": 2.1815852612368882e-18,
      "m10": 0.8383988738059998,
      "m11": 0,
      "m12": 2.232549091275393e-15,
      "m13": 0.8868453502655029,
      "m14": 0.06155707314610481,
      "m15": 1
    },
    {
      "__type__": "cc.Mat4",
      "m00": 0.8383988738059998,
      "m01": -0.0031538293696939945,
      "m02": -0.5450480580329895,
      "m03": 0,
      "m04": 0,
      "m05": 0.9999832510948181,
      "m06": -0.00578623590990901,
      "m07": 0,
      "m08": 0.5450571775436401,
      "m09": 0.004851173609495163,
      "m10": 0.8383848071098328,
      "m11": 0,
      "m12": 2.232549091275393e-15,
      "m13": 1.170098066329956,
      "m14": 0.056424543261528015,
      "m15": 1
    },
    {
      "__type__": "cc.Mat4",
      "m00": 0.543130099773407,
      "m01": 0.7054815292358398,
      "m02": -0.45530813932418823,
      "m03": 0,
      "m04": 0.005811529699712992,
      "m05": -0.545405924320221,
      "m06": -0.8381518721580505,
      "m07": 0,
      "m08": -0.8396284580230713,
      "m09": 0.4525794982910156,
      "m10": -0.30032631754875183,
      "m11": 0,
      "m12": -0.0563947819173336,
      "m13": -0.6468780040740967,
      "m14": -0.7434911727905273,
      "m15": 1
    },
    {
      "__type__": "cc.Mat4",
      "m00": 0.5450035333633423,
      "m01": 0.8360811471939087,
      "m02": -0.06276511400938034,
      "m03": 0,
      "m04": 0.009268704801797867,
      "m05": -0.08086337149143219,
      "m06": -0.9966821074485779,
      "m07": 0,
      "m08": -0.8383824825286865,
      "m09": 0.5426135063171387,
      "m10": -0.051820214837789536,
      "m11": 0,
      "m12": -0.0533275380730629,
      "m13": -0.49900221824645996,
      "m14": -1.1155810356140137,
      "m15": 1
    },
    {
      "__type__": "cc.Mat4",
      "m00": -0.5367934703826904,
      "m01": -0.7054815292358398,
      "m02": 0.46276190876960754,
      "m03": 0,
      "m04": -0.005758510436862707,
      "m05": -0.545405924320221,
      "m06": -0.8381522297859192,
      "m07": 0,
      "m08": 0.8436940312385559,
      "m09": -0.4525794982910156,
      "m10": 0.28870782256126404,
      "m11": 0,
      "m12": 0.05645394325256348,
      "m13": -0.6462518572807312,
      "m14": -0.7438951134681702,
      "m15": 1
    },
    {
      "__type__": "cc.Mat4",
      "m00": -0.5545544028282166,
      "m01": -0.830503523349762,
      "m02": 0.05228063836693764,
      "m03": 0,
      "m04": 0.02716463804244995,
      "m05": -0.08085981011390686,
      "m06": -0.9963552355766296,
      "m07": 0,
      "m08": 0.8317039608955383,
      "m09": -0.5511130094528198,
      "m10": 0.06740149110555649,
      "m11": 0,
      "m12": 0.08562710881233215,
      "m13": -0.49948444962501526,
      "m14": -1.1130790710449219,
      "m15": 1
    }
  ],
  "_hash": 4060517574
}