{
  "__type__": "cc.Skeleton",
  "_name": "Skin-9",
  "_objFlags": 0,
  "_native": "",
  "_joints": [
    "mixamorig:Hips/mixamorig:Spine",
    "mixamorig:Hips/mixamorig:Spine/mixamorig:Spine1",
    "mixamorig:Hips/mixamorig:Spine/mixamorig:Spine1/mixamorig:Spine2"
  ],
  "_bindposes": [
    {
      "__type__": "cc.Mat4",
      "m00": 0.8383988738059998,
      "m01": -0.003153820289298892,
      "m02": -0.5450480580329895,
      "m03": 0,
      "m04": 0,
      "m05": 0.9999832510948181,
      "m06": -0.005786219146102667,
      "m07": 0,
      "m08": 0.5450571775436401,
      "m09": 0.004851159639656544,
      "m10": 0.8383848071098328,
      "m11": 0,
      "m12": 0.030008859932422638,
      "m13": 0.33528900146484375,
      "m14": 0.3291222155094147,
      "m15": 1
    },
    {
      "__type__": "cc.Mat4",
      "m00": 0.8383988738059998,
      "m01": -0.0031538293696939945,
      "m02": -0.5450480580329895,
      "m03": 0,
      "m04": 5.172727431690902e-19,
      "m05": 0.9999832510948181,
      "m06": -0.00578623590990901,
      "m07": 0,
      "m08": 0.5450571775436401,
      "m09": 0.004851173609495163,
      "m10": 0.8383848071098328,
      "m11": 0,
      "m12": 0.030008859932422638,
      "m13": 0.11524680256843567,
      "m14": 0.3291222155094147,
      "m15": 1
    },
    {
      "__type__": "cc.Mat4",
      "m00": 0.8383988738059998,
      "m01": -0.0031538293696939945,
      "m02": -0.5450480580329895,
      "m03": 0,
      "m04": 0,
      "m05": 0.9999832510948181,
      "m06": -0.00578623590990901,
      "m07": 0,
      "m08": 0.5450571775436401,
      "m09": 0.004851173609495163,
      "m10": 0.8383848071098328,
      "m11": 0,
      "m12": 0.030008859932422638,
      "m13": -0.13623003661632538,
      "m14": 0.3291222155094147,
      "m15": 1
    }
  ],
  "_hash": 573275518
}