{
  "__type__": "cc.Skeleton",
  "_name": "Skin-2",
  "_objFlags": 0,
  "_native": "",
  "_joints": [
    "mixamorig_Hips/mixamorig_Spine/mixamorig_Spine1/mixamorig_Spine2/mixamorig_Neck/mixamorig_Head"
  ],
  "_bindposes": [
    {
      "__type__": "cc.Mat4",
      "m00": 0.8383988738059998,
      "m01": 1.7454041643949898e-16,
      "m02": -0.5450571775436401,
      "m03": 0,
      "m04": -1.1796119636642288e-16,
      "m05": 1,
      "m06": 1.3877787807814457e-16,
      "m07": 0,
      "m08": 0.5450571775436401,
      "m09": -5.2055617457207355e-17,
      "m10": 0.8383988738059998,
      "m11": 0,
      "m12": 1.6377892372512618e-15,
      "m13": 0.6156260371208191,
      "m14": 0.0691014975309372,
      "m15": 1
    }
  ],
  "_hash": 769940983
}